game,park,exp_hr,p_over_2_5
Colorado Rockies @ Chicago White Sox,CWS,2.21,0.38
Houston Astros @ Athletics,OAK,2.19,0.374
Cincinnati Reds @ Toronto Blue Jays,TOR,2.01,0.326
New York Mets @ Washington Nationals,WSH,1.99,0.32
Los Angeles Dodgers @ San Francisco Giants,SF,1.86,0.284
Texas Rangers @ Minnesota Twins,MIN,1.8,0.27
Arizona Diamondbacks @ San Diego Padres,SD,1.8,0.268
Pittsburgh Pirates @ Detroit Tigers,DET,1.77,0.262
Los Angeles Angels @ Seattle Mariners,SEA,1.76,0.259
St. Louis Cardinals @ Milwaukee Brewers,MIL,1.66,0.233
Atlanta Braves @ Miami Marlins,MIA,1.65,0.231
Tampa Bay Rays @ Philadelphia Phillies,PHI,1.51,0.194
Cleveland Guardians @ Kansas City Royals,KC,1.4,0.166
