date,player,p_hr,appeared,hr
2026-08-03,"Rice, Ben",0.3691,1,0
2026-08-03,"García Jr., Luis",0.351,1,1
2026-08-03,"Wood, James",0.323,1,0
2026-08-03,"Grisham, Trent",0.287,1,1
2026-08-03,"Alvarez, Yordan",0.2769,1,0
2026-08-03,"Burleson, Alec",0.2654,1,1
2026-08-03,"McMahon, Ryan",0.252,1,1
2026-08-03,"Abrams, CJ",0.2415,1,0
2026-08-03,"Chisholm Jr., Jazz",0.2414,1,0
2026-08-03,"Walker, Jordan",0.2274,1,0
2026-08-03,"Carroll, Corbin",0.2236,1,0
2026-08-03,"Ohtani, Shohei",0.2213,1,0
2026-08-03,"Schwarber, Kyle",0.2175,1,0
2026-08-03,"Lile, Daylen",0.213,1,1
2026-08-03,"Aranda, Jonathan",0.2117,1,0
2026-08-03,"Lowe, Brandon",0.2111,1,0
2026-08-03,"Seager, Corey",0.2062,1,0
2026-08-03,"Valdez, Esmerlyn",0.1995,1,0
2026-08-03,"Jones, Spencer",0.1993,1,0
2026-08-03,"Caminero, Junior",0.1985,1,1
2026-08-03,"Bauers, Jake",0.1975,1,0
2026-08-03,"Okamoto, Kazuma",0.1945,1,0
2026-08-03,"Merrill, Jackson",0.1934,1,0
2026-08-03,"Nimmo, Brandon",0.1916,1,0
2026-08-03,"Goodman, Hunter",0.1904,1,0
2026-08-03,"Tatis Jr., Fernando",0.1903,1,0
2026-08-03,"Wells, Austin",0.1901,1,1
2026-08-03,"Mitchell, Garrett",0.1879,1,0
2026-08-03,"France, Ty",0.1853,1,0
2026-08-03,"Devers, Rafael",0.1801,1,0
2026-08-03,"Harper, Bryce",0.18,1,1
2026-08-03,"Sánchez, Jesús",0.1791,1,0
2026-08-03,"Mesa Jr., Victor",0.1785,1,0
2026-08-03,"Machado, Manny",0.1773,1,0
2026-08-03,"Betts, Mookie",0.1747,1,0
2026-08-03,"Pederson, Joc",0.1721,1,0
2026-08-03,"Marte, Ketel",0.172,1,0
2026-08-03,"Ortiz, Abimelec",0.1714,1,1
2026-08-03,"Pages, Andy",0.1713,1,0
2026-08-03,"Torres, Bryan",0.1707,1,0
2026-08-03,"Tena, José",0.1684,1,0
2026-08-03,"Yelich, Christian",0.1678,1,0
2026-08-03,"Kepler, Max",0.1669,1,0
2026-08-03,"Basabe, Osleivis",0.1668,1,0
2026-08-03,"Hernández, Enrique",0.1668,1,0
2026-08-03,"Smith, Cam",0.165,1,0
2026-08-03,"Domínguez, Jasson",0.1648,1,0
2026-08-03,"Suzuki, Seiya",0.161,1,1
2026-08-03,"Walker, Christian",0.161,1,0
2026-08-03,"Turang, Brice",0.1603,1,0
2026-08-03,"Reynolds, Bryan",0.1596,1,0
2026-08-03,"Chourio, Jackson",0.158,1,0
2026-08-03,"Trammell, Taylor",0.1578,1,0
2026-08-03,"Crow-Armstrong, Pete",0.1573,1,0
2026-08-03,"Springer, George",0.1546,1,0
2026-08-03,"Guerrero Jr., Vladimir",0.1545,1,0
2026-08-03,"Horwitz, Spencer",0.1518,1,0
2026-08-03,"Freeman, Freddie",0.1502,1,0
2026-08-03,"Turner, Trea",0.1501,1,0
2026-08-03,"De La Cruz, Bryan",0.1493,1,0
2026-08-03,"Kelly, Carson",0.1489,1,1
2026-08-03,"Church, Nathan",0.1475,1,1
2026-08-03,"Moniak, Mickey",0.1457,1,1
2026-08-03,"Crooks, Jimmy",0.1455,1,1
2026-08-03,"Edman, Tommy",0.1444,1,1
2026-08-03,"Busch, Michael",0.1439,1,1
2026-08-03,"Wetherholt, JJ",0.1432,1,0
2026-08-03,"Campusano, Luis",0.1428,1,0
2026-08-03,"Díaz, Yandy",0.1426,1,0
2026-08-03,"Rodríguez, Endy",0.1421,1,0
2026-08-03,"Hernández, Teoscar",0.1408,1,1
2026-08-03,"Hill, Derek",0.1407,1,1
2026-08-03,"Karros, Kyle",0.1403,1,0
2026-08-03,"Davis, Henry",0.1391,1,0
2026-08-03,"Peña, Jeremy",0.1374,1,0
2026-08-03,"Young, Jacob",0.1363,1,0
2026-08-03,"Diaz, Yainer",0.1348,1,0
2026-08-03,"Bohm, Alec",0.1344,1,0
2026-08-03,"Varsho, Daulton",0.1343,1,0
2026-08-03,"Burger, Jake",0.133,1,0
2026-08-03,"McCray, Grant",0.1318,1,0
2026-08-03,"McCarthy, Jake",0.1308,1,0
2026-08-03,"Paredes, Isaac",0.13,1,0
2026-08-03,"Adames, Willy",0.129,1,0
2026-08-03,"Mullins, Cedric",0.1279,1,0
2026-08-03,"Stott, Bryson",0.1271,1,0
2026-08-03,"Sosa, Edmundo",0.1264,1,0
2026-08-03,"McCann, James",0.1252,1,0
2026-08-03,"Langford, Wyatt",0.1251,1,0
2026-08-03,"Contreras, William",0.1238,1,0
2026-08-03,"Ruiz, Keibert",0.1225,1,0
2026-08-03,"Ramírez, Pedro",0.1202,1,0
2026-08-03,"Del Castillo, Adrian",0.12,1,0
2026-08-03,"Herrera, Iván",0.1195,1,0
2026-08-03,"Cronenworth, Jake",0.1193,1,0
2026-08-03,"Carrigg, Cole",0.1188,1,0
2026-08-03,"Tucker, Kyle",0.118,1,0
2026-08-03,"Swanson, Dansby",0.1148,1,0
2026-08-03,"Castro, Willi",0.1136,1,0
2026-08-03,"Bregman, Alex",0.1133,1,0
2026-08-03,"Vivas, Jorbit",0.112,1,0
2026-08-03,"Bogaerts, Xander",0.1117,1,0
2026-08-03,"Alcántara, Kevin",0.1117,1,1
2026-08-03,"Alfonzo, Eliezer",0.1111,1,0
2026-08-03,"Stubbs, Garrett",0.1111,1,0
2026-08-03,"Carter, Evan",0.1106,1,0
2026-08-03,"Palacios, Richie",0.1102,1,1
2026-08-03,"Altuve, Jose",0.1093,1,0
2026-08-03,"Rengifo, Luis",0.1065,1,0
2026-08-03,"Arenado, Nolan",0.1056,1,0
2026-08-03,"Susac, Daniel",0.1055,1,0
2026-08-03,"Song, Sung-Mun",0.1044,1,0
2026-08-03,"Caballero, José",0.104,1,1
2026-08-03,"Waldschmidt, Ryan",0.1039,1,0
2026-08-03,"Perdomo, Geraldo",0.1034,1,0
2026-08-03,"Tawa, Tim",0.1021,1,1
2026-08-03,"Tovar, Ezequiel",0.1009,1,1
2026-08-03,"Duran, Ezequiel",0.1008,1,1
2026-08-03,"Walls, Taylor",0.099,1,0
2026-08-03,"Winn, Masyn",0.0955,1,0
2026-08-03,"Kirk, Alejandro",0.0943,1,1
2026-08-03,"Fermín, José",0.0938,1,0
2026-08-03,"Hamilton, David",0.0933,1,0
2026-08-03,"Koss, Christian",0.0929,1,0
2026-08-03,"Gonzales, Nick",0.0908,1,0
2026-08-03,"Gilbert, Drew",0.0879,1,0
2026-08-03,"Lee, Jung Hoo",0.0867,1,1
2026-08-03,"Giménez, Andrés",0.0862,1,0
2026-08-03,"Johnston, Troy",0.0849,1,0
2026-08-03,"Gonzalez, Jacob",0.0803,1,0
2026-08-03,"Straw, Myles",0.0802,1,0
2026-08-03,"Vaughn, Andrew",0.0795,1,0
2026-08-03,"Clement, Ernie",0.0747,1,0
2026-08-03,"Wynns, Austin",0.0734,1,0
2026-08-03,"Freeman, Tyler",0.0669,1,0
2026-08-03,"Mangum, Jake",0.0668,1,0
2026-08-03,"Hoerner, Nico",0.0644,1,0
2026-08-03,"Ortiz, Joey",0.0635,1,0
2026-08-03,"Lukes, Nathan",0.063,1,0
2026-08-03,"Nuñez, Nasim",0.0492,1,0
2026-08-03,"Lopez, Nicky",0.0424,1,0
2026-08-03,"Simpson, Chandler",0.0363,1,0
